{
  "project_info": {
    "project_number": "903322070885",
    "project_id": "anhtuking-ff718",
    "storage_bucket": "anhtuking-ff718.appspot.com"
  },
  "client": [
    {
      "client_info": {
        "mobilesdk_app_id": "1:903322070885:android:23593dff5bdebb5f437b8c",
        "android_client_info": {
          "package_name": "com.example.travo_app_source"
        }
      },
      "oauth_client": [],
      "api_key": [
        {
          "current_key": "AIzaSyBG9j4gQtHrl8lNufT9RZkJ1BzJHVfOh-8"
        }
      ],
      "services": {
        "appinvite_service": {
          "other_platform_oauth_client": []
        }
      }
    }
  ],
  "configuration_version": "1"
}